historical_column,tempo_total,num_cards,tempo_medio
Backlog,2014,32,62.9375
Done,2135,32,66.71875
In Progress,1736,30,57.86666666666667
QA,2376,37,64.21621621621621
Review,2470,39,63.333333333333336
To Do,1765,30,58.833333333333336
