activity_type,total_horas,num_cards,pct_horas
Analise de dados,2969,44,23.759603072983353
Pesquisa,2857,45,22.863316261203583
Criação de dashboards,2472,40,19.782330345710626
Desenvolvimento,2134,34,17.077464788732392
Correções,2064,37,16.51728553137004
