block_reason,num_bloqueios,total_tempo_bloqueado,pct_bloqueios
Dependência externa,24,26.25,24.489795918367346
Prioridade alterada,24,22.083333333333332,24.489795918367346
Bug em sistema,18,20.041666666666668,18.367346938775512
Aguardando cliente,17,22.541666666666668,17.346938775510203
Infraestrutura,15,16.916666666666668,15.306122448979592
