owner,total_cards,total_reaberturas,taxa_reabertura_pct
Ana,31,51,164.51612903225808
Carlos,34,64,188.23529411764704
Fernanda,33,42,127.27272727272727
João,36,54,150.0
Lucas,39,61,156.4102564102564
Marina,27,39,144.44444444444443
