owner,cards_concluidos,lead_time_medio,lead_time_mediano,horas_totais
Ana,19,1.736842105263158,2.0,1118
Carlos,13,1.9230769230769231,2.0,966
Fernanda,17,2.235294117647059,2.0,1239
João,13,2.1538461538461537,3.0,688
Lucas,18,1.8333333333333333,1.5,1257
Marina,11,1.6363636363636365,2.0,757
